<?xml version="1.1" encoding="UTF-8"?>

<project i18n.job.generated.documetation="Generated documentation" i18n.job.project.name="Project Name" i18n.job.generated.date="GENERATION DATE" i18n.job.author="AUTHOR" i18n.job.summary="Summary" i18n.job.project.description="Project Description" i18n.job.job.description="Description" i18n.job.job.preview.picture="Preview Picture" i18n.job.job.setting="Settings" i18n.job.context.list="Context List" i18n.job.component.list="Component List" i18n.job.components.description="Components Description" i18n.job.source.code="Source Code" i18n.job.properties="Properties" i18n.job.values="Values" i18n.job.name="Name" i18n.job.language="Language" i18n.job.description="Description" i18n.job.author.min="Author" i18n.job.version="Version" i18n.job.purpose="Purpose" i18n.job.status="Status" i18n.job.creation="Creation" i18n.job.modification="Modification" i18n.job.extract.settings="Extra settings" i18n.job.value="Value" i18n.job.stats.logs="Status &amp; Logs" i18n.job.context="Context" i18n.job.promt="Prompt" i18n.job.need.promt="Need Prompt?" i18n.job.type="Type" i18n.job.source="Source" i18n.job.component.name="Component Name" i18n.job.component.type="Component Type" i18n.job.component="Component" i18n.job.unique.name="UNIQUE NAME" i18n.job.input="INPUT(S)" i18n.job.label="LABEL" i18n.job.output="OUTPUT(S)" i18n.job.component.parameters="Component Parameters:" i18n.job.schema.for="Schema for " i18n.job.column="Column" i18n.job.key="Key" i18n.job.length="Length" i18n.job.precision="Precision" i18n.job.nullable="Nullable" i18n.job.comment="Comment" i18n.job.original.function.parameters="Original Function Parameters:" i18n.job.ended="ended" i18n.job.content="content" i18n.route.manifest.type="Type" i18n.route.manifest.value="Value" i18n.route.resource.name="Name" i18n.route.resource.version="Version" i18n.route.resource.path="Path" name="SeattlePetProject" logo="pictures/logo.jpg" title="Generated by Talend Cloud Data Fabric" link="http://www.talend.com" language="java" generatedDate="23-Oct-2023, 10:21:51 PM" versionName="Talend Cloud VERSION " version="8.0.1.20230913_0925-patch" docType="Jobs" company="">
  <pro-description><![CDATA[]]></pro-description>
  <job name="Load_Date_Dim" author="machiraju.s@northeastern.edu" i18n.job.extract.settings.type="i18n.job.extract.settings" i18n.job.stats.logs.type="i18n.job.stats.logs" version="0.1" purpose="" status="" creation="14-Oct-2023, 5:03:52 AM" modification="23-Oct-2023, 10:21:35 PM">
    <description><![CDATA[<br/>]]></description>
    <preview picture="pictures/Load_Date_Dim_0.1.png"/>
    <contextList>
      <context name="Default">
        <contextParameter name="startDate" prompt="startDate?" promptNeeded="true" type="id_Date" value="2014-10-18 20:27:05"/>
        <contextParameter name="mysqldb1_Port" prompt="mysqldb1_Port?" promptNeeded="false" type="id_String" value="3306" source="mysqldb1"/>
        <contextParameter name="mysqldb1_Database" prompt="mysqldb1_Database?" promptNeeded="false" type="id_String" value="damg7370" source="mysqldb1"/>
        <contextParameter name="mysqldb1_Password" prompt="mysqldb1_Password?" promptNeeded="false" type="id_Password" value="********" source="mysqldb1"/>
        <contextParameter name="mysqldb1_AdditionalParams" prompt="mysqldb1_AdditionalParams?" promptNeeded="false" type="id_String" value="noDatetimeStringSync=true&amp;enabledTLSProtocols=TLSv1.2,TLSv1.1,TLSv1" source="mysqldb1"/>
        <contextParameter name="mysqldb1_Login" prompt="mysqldb1_Login?" promptNeeded="false" type="id_String" value="root" source="mysqldb1"/>
        <contextParameter name="mysqldb1_Server" prompt="mysqldb1_Server?" promptNeeded="false" type="id_String" value="localhost" source="mysqldb1"/>
      </context>
    </contextList>
    <jobSetting>
      <extra>
        <jobParameter name="COMP_DEFAULT_FILE_DIR" value=""/>
        <jobParameter name="Multi thread execution" value="false"/>
        <jobParameter name="Implicit tContextLoad" value="false"/>
      </extra>
      <Statslogs>
        <jobParameter name="Use statistics (tStatCatcher)" value="false"/>
        <jobParameter name="Use logs (tLogCatcher)" value="false"/>
        <jobParameter name="Use volumetrics (tFlowMeterCatcher)" value="false"/>
        <jobParameter name="On Console" value="false"/>
        <jobParameter name="On Files" value="false"/>
        <jobParameter name="On Databases" value="false"/>
        <jobParameter name="Catch components statistics" value="false"/>
        <jobParameter name="Catch runtime errors" value="true"/>
        <jobParameter name="Catch user errors" value="true"/>
        <jobParameter name="Catch user warnings" value="true"/>
      </Statslogs>
    </jobSetting>
    <componentList>
      <componentItem name="tDBOutput_2" link="tDBOutput_2" type="tMSSqlOutput" leftTopX="800" leftTopY="224" rightBottomX="832" rightBottomY="256"/>
      <componentItem name="tDBOutput_3" link="tDBOutput_3" type="tMysqlOutput" leftTopX="800" leftTopY="320" rightBottomX="832" rightBottomY="352"/>
      <componentItem name="tLogRow_1" link="tLogRow_1" type="tLogRow" leftTopX="800" leftTopY="128" rightBottomX="832" rightBottomY="160"/>
      <componentItem name="tMap_1" link="tMap_1" type="tMap" leftTopX="608" leftTopY="128" rightBottomX="640" rightBottomY="160"/>
      <componentItem name="tRowGenerator_1" link="tRowGenerator_1" type="tRowGenerator" leftTopX="416" leftTopY="128" rightBottomX="448" rightBottomY="160"/>
    </componentList>
    <internalNodeComponents>
      <component icon="pictures/tDBOutput_2.png" uniqueName="tDBOutput_2" label="Azuredb">
        <input link="tMap_1">tMap_1</input>
        <output>none</output>
        <componentType>tMSSqlOutput</componentType>
        <parameters>
          <column name="Database" value="tMSSqlOutput"/>
          <column name="Unique Name" value="tDBOutput_2"/>
          <column name="Component Name" value="tMSSqlOutput"/>
          <column name="Version" value="0.102 (ALPHA)"/>
          <column name="Family" value="Databases/DB Specifics/MS_SQL_Server"/>
          <column name="Startable" value="false"/>
          <column name="SUBTREE_START" value="false"/>
          <column name="END_OF_FLOW" value="true"/>
          <column name="Activate" value="true"/>
          <column name="DUMMY" value="false"/>
          <column name="tStatCatcher Statistics" value="false"/>
          <column name="Help" value="org.talend.help.tMSSqlOutput"/>
          <column name="Update components" value="true"/>
          <column name="IREPORT_PATH" value=""/>
          <column name="JAVA_LIBRARY_PATH" value="D:\studio\configuration\lib\java"/>
          <column name="Subjob color" value=""/>
          <column name="Title color" value=""/>
          <column name="Enable parallel execution" value="false"/>
          <column name="Number of parallel executions" value="2"/>
          <column name="PARALLELIZE_KEEP_EMPTY" value="false"/>
          <column name="Property Type" value="repository: DB (MSSQL):Azuredb"/>
          <column name="Use an existing connection" value="false"/>
          <column name="Component List" value=""/>
          <column name="JDBC Provider" value="MSSQL_PROP"/>
          <column name="Host" value="&quot;dadabi2023sm.database.windows.net&quot;"/>
          <column name="Port" value="&quot;1433&quot;"/>
          <column name="Schema" value="&quot;&quot;"/>
          <column name="Database" value="&quot;mainProjectDB&quot;"/>
          <column name="Database Driver" value="MSSQL"/>
          <column name="Username" value="&quot;nonadminsm&quot;"/>
          <column name="Password" value="*****************"/>
          <column name="Table" value="&quot;DATE_DIM&quot;"/>
          <column name="Action on table" value="DROP_IF_EXISTS_AND_CREATE"/>
          <column name="Turn on identity insert" value="false"/>
          <column name="Action on data" value="INSERT"/>
          <column name="Specify identity field" value="false"/>
          <column name="Identity field" value="date_sk"/>
          <column name="Start value" value="1"/>
          <column name="Step" value="1"/>
          <column name="REPOSITORY_ALLOW_AUTO_SWITCH" value="true"/>
          <column name="Schema" value="Built-In"/>
          <column name="Reject Schema" value="Built-In"/>
          <column name="Specify a data source alias" value="false"/>
          <column name="Data source alias" value="&quot;&quot;"/>
          <column name="Die on error" value="false"/>
          <column name="Mapping" value="id_MSSQL"/>
          <column name="Additional JDBC Parameters" value="&quot;&quot;"/>
          <column name="Authenticate using Azure Active Directory" value="false"/>
          <column name="Use alternate schema" value="false"/>
          <column name="Schema" value="&quot;&quot;"/>
          <column name="Encoding" value="&quot;ISO-8859-15&quot;"/>
          <column name="Commit every" value="10000"/>
          <column name="Additional columns" value="[]"/>
          <column name="Use field options" value="false"/>
          <column name="Field options" value="[{SCHEMA_COLUMN=date_sk, UPDATE_KEY=false, DELETE_KEY=false, UPDATABLE=true, INSERTABLE=true}, {SCHEMA_COLUMN=Day_Num, UPDATE_KEY=false, DELETE_KEY=false, UPDATABLE=true, INSERTABLE=true}, {SCHEMA_COLUMN=Day_Str, UPDATE_KEY=false, DELETE_KEY=false, UPDATABLE=true, INSERTABLE=true}, {SCHEMA_COLUMN=Month_Num, UPDATE_KEY=false, DELETE_KEY=false, UPDATABLE=true, INSERTABLE=true}, {SCHEMA_COLUMN=Month_Str, UPDATE_KEY=false, DELETE_KEY=false, UPDATABLE=true, INSERTABLE=true}, {SCHEMA_COLUMN=Year_Num, UPDATE_KEY=false, DELETE_KEY=false, UPDATABLE=true, INSERTABLE=true}, {SCHEMA_COLUMN=is_weekend, UPDATE_KEY=false, DELETE_KEY=false, UPDATABLE=true, INSERTABLE=true}, {SCHEMA_COLUMN=di_jobId, UPDATE_KEY=false, DELETE_KEY=false, UPDATABLE=true, INSERTABLE=true}, {SCHEMA_COLUMN=dt, UPDATE_KEY=false, DELETE_KEY=false, UPDATABLE=true, INSERTABLE=true}, {SCHEMA_COLUMN=Date_to_Warehouse, UPDATE_KEY=false, DELETE_KEY=false, UPDATABLE=true, INSERTABLE=true}]"/>
          <column name="Ignore date out of range" value="false"/>
          <column name="Debug query mode" value="false"/>
          <column name="Support null in &quot;SQL WHERE&quot; statement" value="false"/>
          <column name="Use Batch Size" value="true"/>
          <column name="Batch Size" value="10000"/>
          <column name="Set Query Timeout" value="false"/>
          <column name="Timeout (seconds)" value="30"/>
          <column name="Label format" value="Azuredb"/>
          <column name="Hint format" value="&lt;b&gt;__UNIQUE_NAME__&lt;/b&gt;&lt;br&gt;__COMMENT__"/>
          <column name="Connection format" value="row"/>
          <column name="Show Information" value="false"/>
          <column name="Comment" value=""/>
          <column name="Use an existing validation rule" value="false"/>
          <column name="Validation Rule Type" value=""/>
        </parameters>
        <schemas>
          <schema name="tDBOutput_2">
            <column name="date_sk" key="true" type="Integer" length="100" precision="" nullable="true" comment=""/>
            <column name="Day_Num" key="false" type="Integer" length="100" precision="" nullable="true" comment=""/>
            <column name="Day_Str" key="false" type="String" length="100" precision="" nullable="true" comment=""/>
            <column name="Month_Num" key="false" type="Integer" length="100" precision="" nullable="true" comment=""/>
            <column name="Month_Str" key="false" type="String" length="100" precision="" nullable="true" comment=""/>
            <column name="Year_Num" key="false" type="Integer" length="100" precision="" nullable="true" comment=""/>
            <column name="is_weekend" key="false" type="String" length="100" precision="" nullable="true" comment=""/>
            <column name="di_jobId" key="false" type="String" length="100" precision="" nullable="true" comment=""/>
            <column name="dt" key="false" type="java.util.Date" length="100" precision="" nullable="true" comment=""/>
            <column name="Date_to_Warehouse" key="false" type="java.util.Date" length="100" precision="" nullable="true" comment=""/>
          </schema>
        </schemas>
      </component>
      <component icon="pictures/tDBOutput_3.png" uniqueName="tDBOutput_3" label="mysqldb">
        <input link="tMap_1">tMap_1</input>
        <output>none</output>
        <componentType>tMysqlOutput</componentType>
        <parameters>
          <column name="Database" value="tMysqlOutput"/>
          <column name="Unique Name" value="tDBOutput_3"/>
          <column name="Component Name" value="tMysqlOutput"/>
          <column name="Version" value="0.102 (ALPHA)"/>
          <column name="Family" value="Databases/DB Specifics/MySQL"/>
          <column name="Startable" value="false"/>
          <column name="SUBTREE_START" value="false"/>
          <column name="END_OF_FLOW" value="true"/>
          <column name="Activate" value="true"/>
          <column name="DUMMY" value="false"/>
          <column name="tStatCatcher Statistics" value="false"/>
          <column name="Help" value="org.talend.help.tMysqlOutput"/>
          <column name="Update components" value="true"/>
          <column name="IREPORT_PATH" value=""/>
          <column name="JAVA_LIBRARY_PATH" value="D:\studio\configuration\lib\java"/>
          <column name="Subjob color" value=""/>
          <column name="Title color" value=""/>
          <column name="Enable parallel execution" value="false"/>
          <column name="Number of parallel executions" value="2"/>
          <column name="PARALLELIZE_KEEP_EMPTY" value="false"/>
          <column name="Property Type" value="repository: DB (MYSQL):mysqldb"/>
          <column name="DB Version" value="MYSQL_8"/>
          <column name="Use an existing connection" value="false"/>
          <column name="Component List" value=""/>
          <column name="Database Driver" value="MYSQL"/>
          <column name="Host" value="context.mysqldb1_Server"/>
          <column name="Port" value="context.mysqldb1_Port"/>
          <column name="Database" value="context.mysqldb1_Database"/>
          <column name="Username" value="context.mysqldb1_Login"/>
          <column name="Password" value="context.mysqldb1_Password"/>
          <column name="Table" value="&quot;DATE_DIM&quot;"/>
          <column name="Action on table" value="DROP_IF_EXISTS_AND_CREATE"/>
          <column name="Action on data" value="INSERT"/>
          <column name="REPOSITORY_ALLOW_AUTO_SWITCH" value="true"/>
          <column name="Schema" value="Built-In"/>
          <column name="Reject Schema" value="Built-In"/>
          <column name="Specify a data source alias" value="false"/>
          <column name="Data source alias" value="&quot;&quot;"/>
          <column name="Die on error" value="false"/>
          <column name="Mapping" value="mysql_id"/>
          <column name="Additional JDBC Parameters" value="context.mysqldb1_AdditionalParams"/>
          <column name="Extend Insert" value="true"/>
          <column name="Number of rows per insert" value="100"/>
          <column name="Use Batch Size" value="true"/>
          <column name="Batch Size" value="10000"/>
          <column name="Encoding" value="&quot;ISO-8859-15&quot;"/>
          <column name="Commit every" value="10000"/>
          <column name="Additional columns" value="[]"/>
          <column name="Use field options" value="false"/>
          <column name="Field options" value="[{SCHEMA_COLUMN=date_sk, UPDATE_KEY=false, DELETE_KEY=false, UPDATABLE=true, INSERTABLE=true}, {SCHEMA_COLUMN=Day_Num, UPDATE_KEY=false, DELETE_KEY=false, UPDATABLE=true, INSERTABLE=true}, {SCHEMA_COLUMN=Day_Str, UPDATE_KEY=false, DELETE_KEY=false, UPDATABLE=true, INSERTABLE=true}, {SCHEMA_COLUMN=Month_Num, UPDATE_KEY=false, DELETE_KEY=false, UPDATABLE=true, INSERTABLE=true}, {SCHEMA_COLUMN=Month_Str, UPDATE_KEY=false, DELETE_KEY=false, UPDATABLE=true, INSERTABLE=true}, {SCHEMA_COLUMN=Year_Num, UPDATE_KEY=false, DELETE_KEY=false, UPDATABLE=true, INSERTABLE=true}, {SCHEMA_COLUMN=is_weekend, UPDATE_KEY=false, DELETE_KEY=false, UPDATABLE=true, INSERTABLE=true}, {SCHEMA_COLUMN=di_jobId, UPDATE_KEY=false, DELETE_KEY=false, UPDATABLE=true, INSERTABLE=true}, {SCHEMA_COLUMN=dt, UPDATE_KEY=false, DELETE_KEY=false, UPDATABLE=true, INSERTABLE=true}, {SCHEMA_COLUMN=Date_to_Warehouse, UPDATE_KEY=false, DELETE_KEY=false, UPDATABLE=true, INSERTABLE=true}]"/>
          <column name="Use Hint Options" value="false"/>
          <column name="Hint Options" value="[]"/>
          <column name="Debug query mode" value="false"/>
          <column name="Use duplicate key update mode insert" value="false"/>
          <column name="DUPLICATED_KEYS" value="[]"/>
          <column name="Support null in &quot;SQL WHERE&quot; statement" value="false"/>
          <column name="Label format" value="mysqldb"/>
          <column name="Hint format" value="&lt;b&gt;__UNIQUE_NAME__&lt;/b&gt;&lt;br&gt;__COMMENT__"/>
          <column name="Connection format" value="row"/>
          <column name="Show Information" value="false"/>
          <column name="Comment" value=""/>
          <column name="Use an existing validation rule" value="false"/>
          <column name="Validation Rule Type" value=""/>
        </parameters>
        <schemas>
          <schema name="tDBOutput_3">
            <column name="date_sk" key="true" type="Integer" length="100" precision="" nullable="true" comment=""/>
            <column name="Day_Num" key="false" type="Integer" length="100" precision="" nullable="true" comment=""/>
            <column name="Day_Str" key="false" type="String" length="100" precision="" nullable="true" comment=""/>
            <column name="Month_Num" key="false" type="Integer" length="100" precision="" nullable="true" comment=""/>
            <column name="Month_Str" key="false" type="String" length="100" precision="" nullable="true" comment=""/>
            <column name="Year_Num" key="false" type="Integer" length="100" precision="" nullable="true" comment=""/>
            <column name="is_weekend" key="false" type="String" length="100" precision="" nullable="true" comment=""/>
            <column name="di_jobId" key="false" type="String" length="100" precision="" nullable="true" comment=""/>
            <column name="dt" key="false" type="java.util.Date" length="" precision="" nullable="true" comment=""/>
            <column name="Date_to_Warehouse" key="false" type="java.util.Date" length="" precision="" nullable="true" comment=""/>
          </schema>
        </schemas>
      </component>
      <component icon="pictures/tLogRow_1.png" uniqueName="tLogRow_1" label="__UNIQUE_NAME__">
        <input link="tMap_1">tMap_1</input>
        <output>none</output>
        <componentType>tLogRow</componentType>
        <parameters>
          <column name="Unique Name" value="tLogRow_1"/>
          <column name="Component Name" value="tLogRow"/>
          <column name="Version" value="0.101 (ALPHA)"/>
          <column name="Family" value="Logs_Errors"/>
          <column name="Startable" value="false"/>
          <column name="SUBTREE_START" value="false"/>
          <column name="END_OF_FLOW" value="true"/>
          <column name="Activate" value="true"/>
          <column name="DUMMY" value="false"/>
          <column name="tStatCatcher Statistics" value="false"/>
          <column name="Help" value="org.talend.help.tLogRow"/>
          <column name="Update components" value="true"/>
          <column name="IREPORT_PATH" value=""/>
          <column name="JAVA_LIBRARY_PATH" value="D:\studio\configuration\lib\java"/>
          <column name="Subjob color" value=""/>
          <column name="Title color" value=""/>
          <column name="Enable parallel execution" value="false"/>
          <column name="Number of parallel executions" value="2"/>
          <column name="PARALLELIZE_KEEP_EMPTY" value="false"/>
          <column name="REPOSITORY_ALLOW_AUTO_SWITCH" value="true"/>
          <column name="Schema" value="Built-In"/>
          <column name="Basic" value="false"/>
          <column name="Table (print values in cells of a table)" value="true"/>
          <column name="Vertical (each row is a key/value list)" value="false"/>
          <column name="Print unique name" value="true"/>
          <column name="Print label" value="false"/>
          <column name="Print unique name and label" value="false"/>
          <column name="Field Separator" value="&quot;|&quot;"/>
          <column name="Print header" value="false"/>
          <column name="Print component unique name in front of each output row" value="false"/>
          <column name="Print schema column name in front of each value" value="false"/>
          <column name="Use fixed length for values" value="false"/>
          <column name="Lengths" value="[{SCHEMA_COLUMN=date_sk, LENGTH=10}, {SCHEMA_COLUMN=Day_Num, LENGTH=10}, {SCHEMA_COLUMN=Day_Str, LENGTH=10}, {SCHEMA_COLUMN=Month_Num, LENGTH=10}, {SCHEMA_COLUMN=Month_Str, LENGTH=10}, {SCHEMA_COLUMN=Year_Num, LENGTH=10}, {SCHEMA_COLUMN=is_weekend, LENGTH=10}, {SCHEMA_COLUMN=di_jobId, LENGTH=10}, {SCHEMA_COLUMN=dt, LENGTH=10}, {SCHEMA_COLUMN=Date_to_Warehouse, LENGTH=10}]"/>
          <column name="Print content with log4j" value="true"/>
          <column name="Min column number of optimize code" value="100"/>
          <column name="Label format" value="__UNIQUE_NAME__"/>
          <column name="Hint format" value="&lt;b&gt;__UNIQUE_NAME__&lt;/b&gt;&lt;br&gt;__COMMENT__"/>
          <column name="Connection format" value="row"/>
          <column name="Show Information" value="false"/>
          <column name="Comment" value=""/>
          <column name="Use an existing validation rule" value="false"/>
          <column name="Validation Rule Type" value=""/>
        </parameters>
        <schemas>
          <schema name="OutputRow">
            <column name="date_sk" key="true" type="Integer" length="50" precision="" nullable="true" comment=""/>
            <column name="Day_Num" key="false" type="Integer" length="50" precision="" nullable="true" comment=""/>
            <column name="Day_Str" key="false" type="String" length="100" precision="" nullable="true" comment=""/>
            <column name="Month_Num" key="false" type="Integer" length="50" precision="" nullable="true" comment=""/>
            <column name="Month_Str" key="false" type="String" length="50" precision="" nullable="true" comment=""/>
            <column name="Year_Num" key="false" type="Integer" length="50" precision="" nullable="true" comment=""/>
            <column name="is_weekend" key="false" type="String" length="50" precision="" nullable="true" comment=""/>
            <column name="di_jobId" key="false" type="String" length="50" precision="" nullable="true" comment=""/>
            <column name="dt" key="false" type="java.util.Date" length="50" precision="" nullable="true" comment=""/>
            <column name="Date_to_Warehouse" key="false" type="java.util.Date" length="50" precision="" nullable="true" comment=""/>
          </schema>
        </schemas>
      </component>
    </internalNodeComponents>
    <externalNodeComponents>
      <component icon="pictures/tMap_1.png" uniqueName="tMap_1" label="__UNIQUE_NAME__" preview="pictures/external_preview_tMap_1.png">
        <input link="tRowGenerator_1">tRowGenerator_1</input>
        <output link="tLogRow_1">tLogRow_1</output>
        <output link="tDBOutput_2">tDBOutput_2</output>
        <output link="tDBOutput_3">tDBOutput_3</output>
        <componentType>tMap</componentType>
        <!--tMap_1-->
      </component>
      <component icon="pictures/tRowGenerator_1.png" uniqueName="tRowGenerator_1" label="__UNIQUE_NAME__">
        <input>none</input>
        <output link="tMap_1">tMap_1</output>
        <componentType>tRowGenerator</componentType>
        <!--tRowGenerator_1-->
      </component>
    </externalNodeComponents>
    <connections>
      <connection label="row1" lineStyle="0" metaname="tRowGenerator_1" offsetLabelX="0" offsetLabelY="0" source="tRowGenerator_1" target="tMap_1"/>
      <connection label="OutputRow" lineStyle="0" metaname="OutputRow" offsetLabelX="0" offsetLabelY="0" source="tMap_1" target="tLogRow_1"/>
      <connection label="azuredbout" lineStyle="0" metaname="azuredbout" offsetLabelX="0" offsetLabelY="0" source="tMap_1" target="tDBOutput_2"/>
      <connection label="mysqlout" lineStyle="0" metaname="mysqlout" offsetLabelX="0" offsetLabelY="0" source="tMap_1" target="tDBOutput_3"/>
    </connections>
  </job>
</project>
