<?xml version="1.1" encoding="UTF-8"?>

<project i18n.job.generated.documetation="Generated documentation" i18n.job.project.name="Project Name" i18n.job.generated.date="GENERATION DATE" i18n.job.author="AUTHOR" i18n.job.summary="Summary" i18n.job.project.description="Project Description" i18n.job.job.description="Description" i18n.job.job.preview.picture="Preview Picture" i18n.job.job.setting="Settings" i18n.job.context.list="Context List" i18n.job.component.list="Component List" i18n.job.components.description="Components Description" i18n.job.source.code="Source Code" i18n.job.properties="Properties" i18n.job.values="Values" i18n.job.name="Name" i18n.job.language="Language" i18n.job.description="Description" i18n.job.author.min="Author" i18n.job.version="Version" i18n.job.purpose="Purpose" i18n.job.status="Status" i18n.job.creation="Creation" i18n.job.modification="Modification" i18n.job.extract.settings="Extra settings" i18n.job.value="Value" i18n.job.stats.logs="Status &amp; Logs" i18n.job.context="Context" i18n.job.promt="Prompt" i18n.job.need.promt="Need Prompt?" i18n.job.type="Type" i18n.job.source="Source" i18n.job.component.name="Component Name" i18n.job.component.type="Component Type" i18n.job.component="Component" i18n.job.unique.name="UNIQUE NAME" i18n.job.input="INPUT(S)" i18n.job.label="LABEL" i18n.job.output="OUTPUT(S)" i18n.job.component.parameters="Component Parameters:" i18n.job.schema.for="Schema for " i18n.job.column="Column" i18n.job.key="Key" i18n.job.length="Length" i18n.job.precision="Precision" i18n.job.nullable="Nullable" i18n.job.comment="Comment" i18n.job.original.function.parameters="Original Function Parameters:" i18n.job.ended="ended" i18n.job.content="content" i18n.route.manifest.type="Type" i18n.route.manifest.value="Value" i18n.route.resource.name="Name" i18n.route.resource.version="Version" i18n.route.resource.path="Path" name="SeattlePetProject" logo="pictures/logo.jpg" title="Generated by Talend Cloud Data Fabric" link="http://www.talend.com" language="java" generatedDate="23-Oct-2023, 10:21:53 PM" versionName="Talend Cloud VERSION " version="8.0.1.20230913_0925-patch" docType="Jobs" company="">
  <pro-description><![CDATA[]]></pro-description>
  <job name="Stage_SeattlePetLicenses_tsv" author="machiraju.s@northeastern.edu" i18n.job.extract.settings.type="i18n.job.extract.settings" i18n.job.stats.logs.type="i18n.job.stats.logs" version="0.1" purpose="" status="" creation="13-Oct-2023, 8:47:03 PM" modification="23-Oct-2023, 10:21:29 PM">
    <description><![CDATA[<br/>]]></description>
    <preview picture="pictures/Stage_SeattlePetLicenses_tsv_0.1.png"/>
    <contextList>
      <context name="Default">
        <contextParameter name="SeattlePetLicenses_tsv_RowSeparator" prompt="SeattlePetLicenses_tsv_RowSeparator?" promptNeeded="false" type="id_String" value="&quot;\n&quot;" source="SeattlePetLicenses_tsv"/>
        <contextParameter name="SeattlePetLicenses_tsv_Header" prompt="SeattlePetLicenses_tsv_Header?" promptNeeded="false" type="id_Integer" value="1" source="SeattlePetLicenses_tsv"/>
        <contextParameter name="SeattlePetLicenses_tsv_File" prompt="SeattlePetLicenses_tsv_File?" promptNeeded="false" type="id_File" value="C:/Users/Sashank Machiraju/Downloads/Seattle_Pet_Licenses.tsv" source="SeattlePetLicenses_tsv"/>
        <contextParameter name="SeattlePetLicenses_tsv_Encoding" prompt="SeattlePetLicenses_tsv_Encoding?" promptNeeded="false" type="id_String" value="UTF-8" source="SeattlePetLicenses_tsv"/>
        <contextParameter name="SeattlePetLicenses_tsv_FieldSeparator" prompt="SeattlePetLicenses_tsv_FieldSeparator?" promptNeeded="false" type="id_String" value="&quot;\t&quot;" source="SeattlePetLicenses_tsv"/>
        <contextParameter name="mysqldb1_Port" prompt="mysqldb1_Port?" promptNeeded="false" type="id_String" value="3306" source="mysqldb1"/>
        <contextParameter name="mysqldb1_Database" prompt="mysqldb1_Database?" promptNeeded="false" type="id_String" value="damg7370" source="mysqldb1"/>
        <contextParameter name="mysqldb1_Password" prompt="mysqldb1_Password?" promptNeeded="false" type="id_Password" value="********" source="mysqldb1"/>
        <contextParameter name="mysqldb1_AdditionalParams" prompt="mysqldb1_AdditionalParams?" promptNeeded="false" type="id_String" value="noDatetimeStringSync=true&amp;enabledTLSProtocols=TLSv1.2,TLSv1.1,TLSv1" source="mysqldb1"/>
        <contextParameter name="mysqldb1_Login" prompt="mysqldb1_Login?" promptNeeded="false" type="id_String" value="root" source="mysqldb1"/>
        <contextParameter name="mysqldb1_Server" prompt="mysqldb1_Server?" promptNeeded="false" type="id_String" value="localhost" source="mysqldb1"/>
        <contextParameter name="Azuredb_Port" prompt="Azuredb_Port?" promptNeeded="false" type="id_String" value="1433" source="Azuredb"/>
        <contextParameter name="Azuredb_Schema" prompt="Azuredb_Schema?" promptNeeded="false" type="id_String" value="" source="Azuredb"/>
        <contextParameter name="Azuredb_AdditionalParams" prompt="Azuredb_AdditionalParams?" promptNeeded="false" type="id_String" value="" source="Azuredb"/>
        <contextParameter name="Azuredb_Login" prompt="Azuredb_Login?" promptNeeded="false" type="id_String" value="nonadminsm" source="Azuredb"/>
        <contextParameter name="Azuredb_Server" prompt="Azuredb_Server?" promptNeeded="false" type="id_String" value="dadabi2023sm.database.windows.net" source="Azuredb"/>
        <contextParameter name="Azuredb_Database" prompt="Azuredb_Database?" promptNeeded="false" type="id_String" value="mainProjectDB" source="Azuredb"/>
        <contextParameter name="Azuredb_Password" prompt="Azuredb_Password?" promptNeeded="false" type="id_Password" value="***************" source="Azuredb"/>
      </context>
      <context name="Development">
        <contextParameter name="SeattlePetLicenses_tsv_RowSeparator" prompt="SeattlePetLicenses_tsv_RowSeparator?" promptNeeded="false" type="id_String" value="&quot;\n&quot;" source="SeattlePetLicenses_tsv"/>
        <contextParameter name="SeattlePetLicenses_tsv_Header" prompt="SeattlePetLicenses_tsv_Header?" promptNeeded="false" type="id_Integer" value="1" source="SeattlePetLicenses_tsv"/>
        <contextParameter name="SeattlePetLicenses_tsv_File" prompt="SeattlePetLicenses_tsv_File?" promptNeeded="false" type="id_File" value="C:/Users/Sashank Machiraju/Downloads/Seattle_Pet_Licenses.tsv" source="SeattlePetLicenses_tsv"/>
        <contextParameter name="SeattlePetLicenses_tsv_Encoding" prompt="SeattlePetLicenses_tsv_Encoding?" promptNeeded="false" type="id_String" value="UTF-8" source="SeattlePetLicenses_tsv"/>
        <contextParameter name="SeattlePetLicenses_tsv_FieldSeparator" prompt="SeattlePetLicenses_tsv_FieldSeparator?" promptNeeded="false" type="id_String" value="&quot;\t&quot;" source="SeattlePetLicenses_tsv"/>
        <contextParameter name="mysqldb1_Port" prompt="mysqldb1_Port?" promptNeeded="false" type="id_String" value="3306" source="mysqldb1"/>
        <contextParameter name="mysqldb1_Database" prompt="mysqldb1_Database?" promptNeeded="false" type="id_String" value="damg7370" source="mysqldb1"/>
        <contextParameter name="mysqldb1_Password" prompt="mysqldb1_Password?" promptNeeded="false" type="id_Password" value="********" source="mysqldb1"/>
        <contextParameter name="mysqldb1_AdditionalParams" prompt="mysqldb1_AdditionalParams?" promptNeeded="false" type="id_String" value="noDatetimeStringSync=true&amp;enabledTLSProtocols=TLSv1.2,TLSv1.1,TLSv1" source="mysqldb1"/>
        <contextParameter name="mysqldb1_Login" prompt="mysqldb1_Login?" promptNeeded="false" type="id_String" value="root" source="mysqldb1"/>
        <contextParameter name="mysqldb1_Server" prompt="mysqldb1_Server?" promptNeeded="false" type="id_String" value="localhost" source="mysqldb1"/>
        <contextParameter name="Azuredb_Port" prompt="Azuredb_Port?" promptNeeded="false" type="id_String" value="1433" source="Azuredb"/>
        <contextParameter name="Azuredb_Schema" prompt="Azuredb_Schema?" promptNeeded="false" type="id_String" value="" source="Azuredb"/>
        <contextParameter name="Azuredb_AdditionalParams" prompt="Azuredb_AdditionalParams?" promptNeeded="false" type="id_String" value="" source="Azuredb"/>
        <contextParameter name="Azuredb_Login" prompt="Azuredb_Login?" promptNeeded="false" type="id_String" value="nonadminsm" source="Azuredb"/>
        <contextParameter name="Azuredb_Server" prompt="Azuredb_Server?" promptNeeded="false" type="id_String" value="dadabi2023sm.database.windows.net" source="Azuredb"/>
        <contextParameter name="Azuredb_Database" prompt="Azuredb_Database?" promptNeeded="false" type="id_String" value="mainProjectDB" source="Azuredb"/>
        <contextParameter name="Azuredb_Password" prompt="Azuredb_Password?" promptNeeded="false" type="id_Password" value="***************" source="Azuredb"/>
      </context>
      <context name="Production">
        <contextParameter name="SeattlePetLicenses_tsv_RowSeparator" prompt="SeattlePetLicenses_tsv_RowSeparator?" promptNeeded="false" type="id_String" value="&quot;\n&quot;" source="SeattlePetLicenses_tsv"/>
        <contextParameter name="SeattlePetLicenses_tsv_Header" prompt="SeattlePetLicenses_tsv_Header?" promptNeeded="false" type="id_Integer" value="1" source="SeattlePetLicenses_tsv"/>
        <contextParameter name="SeattlePetLicenses_tsv_File" prompt="SeattlePetLicenses_tsv_File?" promptNeeded="false" type="id_File" value="C:/Users/Sashank Machiraju/Downloads/Seattle_Pet_Licenses.tsv" source="SeattlePetLicenses_tsv"/>
        <contextParameter name="SeattlePetLicenses_tsv_Encoding" prompt="SeattlePetLicenses_tsv_Encoding?" promptNeeded="false" type="id_String" value="UTF-8" source="SeattlePetLicenses_tsv"/>
        <contextParameter name="SeattlePetLicenses_tsv_FieldSeparator" prompt="SeattlePetLicenses_tsv_FieldSeparator?" promptNeeded="false" type="id_String" value="&quot;\t&quot;" source="SeattlePetLicenses_tsv"/>
        <contextParameter name="mysqldb1_Port" prompt="mysqldb1_Port?" promptNeeded="false" type="id_String" value="3306" source="mysqldb1"/>
        <contextParameter name="mysqldb1_Database" prompt="mysqldb1_Database?" promptNeeded="false" type="id_String" value="damg7370" source="mysqldb1"/>
        <contextParameter name="mysqldb1_Password" prompt="mysqldb1_Password?" promptNeeded="false" type="id_Password" value="********" source="mysqldb1"/>
        <contextParameter name="mysqldb1_AdditionalParams" prompt="mysqldb1_AdditionalParams?" promptNeeded="false" type="id_String" value="noDatetimeStringSync=true&amp;enabledTLSProtocols=TLSv1.2,TLSv1.1,TLSv1" source="mysqldb1"/>
        <contextParameter name="mysqldb1_Login" prompt="mysqldb1_Login?" promptNeeded="false" type="id_String" value="root" source="mysqldb1"/>
        <contextParameter name="mysqldb1_Server" prompt="mysqldb1_Server?" promptNeeded="false" type="id_String" value="localhost" source="mysqldb1"/>
        <contextParameter name="Azuredb_Port" prompt="Azuredb_Port?" promptNeeded="false" type="id_String" value="1433" source="Azuredb"/>
        <contextParameter name="Azuredb_Schema" prompt="Azuredb_Schema?" promptNeeded="false" type="id_String" value="" source="Azuredb"/>
        <contextParameter name="Azuredb_AdditionalParams" prompt="Azuredb_AdditionalParams?" promptNeeded="false" type="id_String" value="" source="Azuredb"/>
        <contextParameter name="Azuredb_Login" prompt="Azuredb_Login?" promptNeeded="false" type="id_String" value="nonadminsm" source="Azuredb"/>
        <contextParameter name="Azuredb_Server" prompt="Azuredb_Server?" promptNeeded="false" type="id_String" value="dadabi2023sm.database.windows.net" source="Azuredb"/>
        <contextParameter name="Azuredb_Database" prompt="Azuredb_Database?" promptNeeded="false" type="id_String" value="mainProjectDB" source="Azuredb"/>
        <contextParameter name="Azuredb_Password" prompt="Azuredb_Password?" promptNeeded="false" type="id_Password" value="***************" source="Azuredb"/>
      </context>
      <context name="Test">
        <contextParameter name="SeattlePetLicenses_tsv_RowSeparator" prompt="SeattlePetLicenses_tsv_RowSeparator?" promptNeeded="false" type="id_String" value="&quot;\n&quot;" source="SeattlePetLicenses_tsv"/>
        <contextParameter name="SeattlePetLicenses_tsv_Header" prompt="SeattlePetLicenses_tsv_Header?" promptNeeded="false" type="id_Integer" value="1" source="SeattlePetLicenses_tsv"/>
        <contextParameter name="SeattlePetLicenses_tsv_File" prompt="SeattlePetLicenses_tsv_File?" promptNeeded="false" type="id_File" value="C:/Users/Sashank Machiraju/Downloads/Seattle_Pet_Licenses.tsv" source="SeattlePetLicenses_tsv"/>
        <contextParameter name="SeattlePetLicenses_tsv_Encoding" prompt="SeattlePetLicenses_tsv_Encoding?" promptNeeded="false" type="id_String" value="UTF-8" source="SeattlePetLicenses_tsv"/>
        <contextParameter name="SeattlePetLicenses_tsv_FieldSeparator" prompt="SeattlePetLicenses_tsv_FieldSeparator?" promptNeeded="false" type="id_String" value="&quot;\t&quot;" source="SeattlePetLicenses_tsv"/>
        <contextParameter name="mysqldb1_Port" prompt="mysqldb1_Port?" promptNeeded="false" type="id_String" value="3306" source="mysqldb1"/>
        <contextParameter name="mysqldb1_Database" prompt="mysqldb1_Database?" promptNeeded="false" type="id_String" value="damg7370" source="mysqldb1"/>
        <contextParameter name="mysqldb1_Password" prompt="mysqldb1_Password?" promptNeeded="false" type="id_Password" value="********" source="mysqldb1"/>
        <contextParameter name="mysqldb1_AdditionalParams" prompt="mysqldb1_AdditionalParams?" promptNeeded="false" type="id_String" value="noDatetimeStringSync=true&amp;enabledTLSProtocols=TLSv1.2,TLSv1.1,TLSv1" source="mysqldb1"/>
        <contextParameter name="mysqldb1_Login" prompt="mysqldb1_Login?" promptNeeded="false" type="id_String" value="root" source="mysqldb1"/>
        <contextParameter name="mysqldb1_Server" prompt="mysqldb1_Server?" promptNeeded="false" type="id_String" value="localhost" source="mysqldb1"/>
        <contextParameter name="Azuredb_Port" prompt="Azuredb_Port?" promptNeeded="false" type="id_String" value="1433" source="Azuredb"/>
        <contextParameter name="Azuredb_Schema" prompt="Azuredb_Schema?" promptNeeded="false" type="id_String" value="" source="Azuredb"/>
        <contextParameter name="Azuredb_AdditionalParams" prompt="Azuredb_AdditionalParams?" promptNeeded="false" type="id_String" value="" source="Azuredb"/>
        <contextParameter name="Azuredb_Login" prompt="Azuredb_Login?" promptNeeded="false" type="id_String" value="nonadminsm" source="Azuredb"/>
        <contextParameter name="Azuredb_Server" prompt="Azuredb_Server?" promptNeeded="false" type="id_String" value="dadabi2023sm.database.windows.net" source="Azuredb"/>
        <contextParameter name="Azuredb_Database" prompt="Azuredb_Database?" promptNeeded="false" type="id_String" value="mainProjectDB" source="Azuredb"/>
        <contextParameter name="Azuredb_Password" prompt="Azuredb_Password?" promptNeeded="false" type="id_Password" value="***************" source="Azuredb"/>
      </context>
    </contextList>
    <jobSetting>
      <extra>
        <jobParameter name="COMP_DEFAULT_FILE_DIR" value=""/>
        <jobParameter name="Multi thread execution" value="false"/>
        <jobParameter name="Implicit tContextLoad" value="false"/>
      </extra>
      <Statslogs>
        <jobParameter name="Use statistics (tStatCatcher)" value="false"/>
        <jobParameter name="Use logs (tLogCatcher)" value="false"/>
        <jobParameter name="Use volumetrics (tFlowMeterCatcher)" value="false"/>
        <jobParameter name="On Console" value="false"/>
        <jobParameter name="On Files" value="false"/>
        <jobParameter name="On Databases" value="false"/>
        <jobParameter name="Catch components statistics" value="false"/>
        <jobParameter name="Catch runtime errors" value="true"/>
        <jobParameter name="Catch user errors" value="true"/>
        <jobParameter name="Catch user warnings" value="true"/>
      </Statslogs>
    </jobSetting>
    <componentList>
      <componentItem name="tDBOutput_1" link="tDBOutput_1" type="tMysqlOutput" leftTopX="704" leftTopY="64" rightBottomX="736" rightBottomY="96"/>
      <componentItem name="tDBOutput_2" link="tDBOutput_2" type="tMSSqlOutput" leftTopX="704" leftTopY="288" rightBottomX="736" rightBottomY="320"/>
      <componentItem name="tFileInputDelimited_1" link="tFileInputDelimited_1" type="tFileInputDelimited" leftTopX="160" leftTopY="160" rightBottomX="192" rightBottomY="192"/>
      <componentItem name="tLogRow_1" link="tLogRow_1" type="tLogRow" leftTopX="704" leftTopY="160" rightBottomX="736" rightBottomY="192"/>
      <componentItem name="tLogRow_2" link="tLogRow_2" type="tLogRow" leftTopX="384" leftTopY="256" rightBottomX="416" rightBottomY="288"/>
      <componentItem name="tMap_1" link="tMap_1" type="tMap" leftTopX="416" leftTopY="160" rightBottomX="448" rightBottomY="192"/>
    </componentList>
    <internalNodeComponents>
      <component icon="pictures/tDBOutput_1.png" uniqueName="tDBOutput_1" label="mysqldb">
        <input link="tMap_1">tMap_1</input>
        <output>none</output>
        <componentType>tMysqlOutput</componentType>
        <parameters>
          <column name="Database" value="tMysqlOutput"/>
          <column name="Unique Name" value="tDBOutput_1"/>
          <column name="Component Name" value="tMysqlOutput"/>
          <column name="Version" value="0.102 (ALPHA)"/>
          <column name="Family" value="Databases/DB Specifics/MySQL"/>
          <column name="Startable" value="false"/>
          <column name="SUBTREE_START" value="false"/>
          <column name="END_OF_FLOW" value="true"/>
          <column name="Activate" value="true"/>
          <column name="DUMMY" value="false"/>
          <column name="tStatCatcher Statistics" value="false"/>
          <column name="Help" value="org.talend.help.tMysqlOutput"/>
          <column name="Update components" value="true"/>
          <column name="IREPORT_PATH" value=""/>
          <column name="JAVA_LIBRARY_PATH" value="D:\studio\configuration\lib\java"/>
          <column name="Subjob color" value=""/>
          <column name="Title color" value=""/>
          <column name="Enable parallel execution" value="false"/>
          <column name="Number of parallel executions" value="2"/>
          <column name="PARALLELIZE_KEEP_EMPTY" value="false"/>
          <column name="Property Type" value="repository: DB (MYSQL):mysqldb"/>
          <column name="DB Version" value="MYSQL_8"/>
          <column name="Use an existing connection" value="false"/>
          <column name="Component List" value=""/>
          <column name="Database Driver" value="MYSQL"/>
          <column name="Host" value="context.mysqldb1_Server"/>
          <column name="Port" value="context.mysqldb1_Port"/>
          <column name="Database" value="context.mysqldb1_Database"/>
          <column name="Username" value="context.mysqldb1_Login"/>
          <column name="Password" value="context.mysqldb1_Password"/>
          <column name="Table" value="&quot;stg_seattle_pet_license&quot;"/>
          <column name="Action on table" value="DROP_CREATE"/>
          <column name="Action on data" value="INSERT"/>
          <column name="REPOSITORY_ALLOW_AUTO_SWITCH" value="true"/>
          <column name="Schema" value="Built-In"/>
          <column name="Reject Schema" value="Built-In"/>
          <column name="Specify a data source alias" value="false"/>
          <column name="Data source alias" value="&quot;&quot;"/>
          <column name="Die on error" value="false"/>
          <column name="Mapping" value="mysql_id"/>
          <column name="Additional JDBC Parameters" value="context.mysqldb1_AdditionalParams"/>
          <column name="Extend Insert" value="true"/>
          <column name="Number of rows per insert" value="100"/>
          <column name="Use Batch Size" value="true"/>
          <column name="Batch Size" value="10000"/>
          <column name="Encoding" value="&quot;ISO-8859-15&quot;"/>
          <column name="Commit every" value="10000"/>
          <column name="Additional columns" value="[]"/>
          <column name="Use field options" value="false"/>
          <column name="Field options" value="[{SCHEMA_COLUMN=License_Issue_Date, UPDATE_KEY=false, DELETE_KEY=false, UPDATABLE=true, INSERTABLE=true}, {SCHEMA_COLUMN=License_Number, UPDATE_KEY=false, DELETE_KEY=false, UPDATABLE=true, INSERTABLE=true}, {SCHEMA_COLUMN=Animal_s_Name, UPDATE_KEY=false, DELETE_KEY=false, UPDATABLE=true, INSERTABLE=true}, {SCHEMA_COLUMN=Species, UPDATE_KEY=false, DELETE_KEY=false, UPDATABLE=true, INSERTABLE=true}, {SCHEMA_COLUMN=Primary_Breed, UPDATE_KEY=false, DELETE_KEY=false, UPDATABLE=true, INSERTABLE=true}, {SCHEMA_COLUMN=Secondary_Breed, UPDATE_KEY=false, DELETE_KEY=false, UPDATABLE=true, INSERTABLE=true}, {SCHEMA_COLUMN=ZIP_Code, UPDATE_KEY=false, DELETE_KEY=false, UPDATABLE=true, INSERTABLE=true}, {SCHEMA_COLUMN=DI_CreatedDt, UPDATE_KEY=false, DELETE_KEY=false, UPDATABLE=true, INSERTABLE=true}, {SCHEMA_COLUMN=DI_JobPID, UPDATE_KEY=false, DELETE_KEY=false, UPDATABLE=true, INSERTABLE=true}]"/>
          <column name="Use Hint Options" value="false"/>
          <column name="Hint Options" value="[]"/>
          <column name="Debug query mode" value="false"/>
          <column name="Use duplicate key update mode insert" value="false"/>
          <column name="DUPLICATED_KEYS" value="[]"/>
          <column name="Support null in &quot;SQL WHERE&quot; statement" value="false"/>
          <column name="Label format" value="mysqldb"/>
          <column name="Hint format" value="&lt;b&gt;__UNIQUE_NAME__&lt;/b&gt;&lt;br&gt;__COMMENT__"/>
          <column name="Connection format" value="row"/>
          <column name="Show Information" value="false"/>
          <column name="Comment" value=""/>
          <column name="Use an existing validation rule" value="false"/>
          <column name="Validation Rule Type" value=""/>
        </parameters>
        <schemas>
          <schema name="sqlDBOut">
            <column name="License_Issue_Date" key="false" type="java.util.Date" length="50" precision="" nullable="true" comment=""/>
            <column name="License_Number" key="false" type="String" length="7" precision="" nullable="true" comment=""/>
            <column name="Animal_s_Name" key="false" type="String" length="50" precision="" nullable="true" comment=""/>
            <column name="Species" key="false" type="String" length="4" precision="" nullable="true" comment=""/>
            <column name="Primary_Breed" key="false" type="String" length="46" precision="" nullable="true" comment=""/>
            <column name="Secondary_Breed" key="false" type="String" length="46" precision="" nullable="true" comment=""/>
            <column name="ZIP_Code" key="false" type="String" length="10" precision="" nullable="true" comment=""/>
            <column name="DI_CreatedDt" key="false" type="java.util.Date" length="20" precision="" nullable="true" comment=""/>
            <column name="DI_JobPID" key="false" type="String" length="23" precision="" nullable="true" comment=""/>
          </schema>
        </schemas>
      </component>
      <component icon="pictures/tDBOutput_2.png" uniqueName="tDBOutput_2" label="__UNIQUE_NAME__">
        <input link="tMap_1">tMap_1</input>
        <output>none</output>
        <componentType>tMSSqlOutput</componentType>
        <parameters>
          <column name="Database" value="tMSSqlOutput"/>
          <column name="Unique Name" value="tDBOutput_2"/>
          <column name="Component Name" value="tMSSqlOutput"/>
          <column name="Version" value="0.102 (ALPHA)"/>
          <column name="Family" value="Databases/DB Specifics/MS_SQL_Server"/>
          <column name="Startable" value="false"/>
          <column name="SUBTREE_START" value="false"/>
          <column name="END_OF_FLOW" value="true"/>
          <column name="Activate" value="true"/>
          <column name="DUMMY" value="false"/>
          <column name="tStatCatcher Statistics" value="false"/>
          <column name="Help" value="org.talend.help.tMSSqlOutput"/>
          <column name="Update components" value="true"/>
          <column name="IREPORT_PATH" value=""/>
          <column name="JAVA_LIBRARY_PATH" value="D:\studio\configuration\lib\java"/>
          <column name="Subjob color" value=""/>
          <column name="Title color" value=""/>
          <column name="Enable parallel execution" value="false"/>
          <column name="Number of parallel executions" value="2"/>
          <column name="PARALLELIZE_KEEP_EMPTY" value="false"/>
          <column name="Property Type" value="repository: DB (MSSQL):Azuredb"/>
          <column name="Use an existing connection" value="false"/>
          <column name="Component List" value=""/>
          <column name="JDBC Provider" value="MSSQL_PROP"/>
          <column name="Host" value="&quot;dadabi2023sm.database.windows.net&quot;"/>
          <column name="Port" value="&quot;1433&quot;"/>
          <column name="Schema" value="&quot;&quot;"/>
          <column name="Database" value="&quot;mainProjectDB&quot;"/>
          <column name="Database Driver" value="MSSQL"/>
          <column name="Username" value="&quot;nonadminsm&quot;"/>
          <column name="Password" value="*****************"/>
          <column name="Table" value="&quot;stg_seattle_pet_licenses&quot;"/>
          <column name="Action on table" value="DROP_IF_EXISTS_AND_CREATE"/>
          <column name="Turn on identity insert" value="false"/>
          <column name="Action on data" value="INSERT"/>
          <column name="Specify identity field" value="false"/>
          <column name="Identity field" value="License_Issue_Date"/>
          <column name="Start value" value="1"/>
          <column name="Step" value="1"/>
          <column name="REPOSITORY_ALLOW_AUTO_SWITCH" value="true"/>
          <column name="Schema" value="Built-In"/>
          <column name="Reject Schema" value="Built-In"/>
          <column name="Specify a data source alias" value="false"/>
          <column name="Data source alias" value="&quot;&quot;"/>
          <column name="Die on error" value="false"/>
          <column name="Mapping" value="id_MSSQL"/>
          <column name="Additional JDBC Parameters" value="&quot;&quot;"/>
          <column name="Authenticate using Azure Active Directory" value="false"/>
          <column name="Use alternate schema" value="false"/>
          <column name="Schema" value="&quot;&quot;"/>
          <column name="Encoding" value="&quot;ISO-8859-15&quot;"/>
          <column name="Commit every" value="10000"/>
          <column name="Additional columns" value="[]"/>
          <column name="Use field options" value="false"/>
          <column name="Field options" value="[{SCHEMA_COLUMN=License_Issue_Date, UPDATE_KEY=false, DELETE_KEY=false, UPDATABLE=true, INSERTABLE=true}, {SCHEMA_COLUMN=License_Number, UPDATE_KEY=false, DELETE_KEY=false, UPDATABLE=true, INSERTABLE=true}, {SCHEMA_COLUMN=Animal_s_Name, UPDATE_KEY=false, DELETE_KEY=false, UPDATABLE=true, INSERTABLE=true}, {SCHEMA_COLUMN=Species, UPDATE_KEY=false, DELETE_KEY=false, UPDATABLE=true, INSERTABLE=true}, {SCHEMA_COLUMN=Primary_Breed, UPDATE_KEY=false, DELETE_KEY=false, UPDATABLE=true, INSERTABLE=true}, {SCHEMA_COLUMN=Secondary_Breed, UPDATE_KEY=false, DELETE_KEY=false, UPDATABLE=true, INSERTABLE=true}, {SCHEMA_COLUMN=ZIP_Code, UPDATE_KEY=false, DELETE_KEY=false, UPDATABLE=true, INSERTABLE=true}, {SCHEMA_COLUMN=DI_CreatedDt, UPDATE_KEY=false, DELETE_KEY=false, UPDATABLE=true, INSERTABLE=true}, {SCHEMA_COLUMN=DI_JobPID, UPDATE_KEY=false, DELETE_KEY=false, UPDATABLE=true, INSERTABLE=true}]"/>
          <column name="Ignore date out of range" value="false"/>
          <column name="Debug query mode" value="false"/>
          <column name="Support null in &quot;SQL WHERE&quot; statement" value="false"/>
          <column name="Use Batch Size" value="true"/>
          <column name="Batch Size" value="10000"/>
          <column name="Set Query Timeout" value="false"/>
          <column name="Timeout (seconds)" value="30"/>
          <column name="Label format" value="__UNIQUE_NAME__"/>
          <column name="Hint format" value="&lt;b&gt;__UNIQUE_NAME__&lt;/b&gt;&lt;br&gt;__COMMENT__"/>
          <column name="Connection format" value="row"/>
          <column name="Show Information" value="false"/>
          <column name="Comment" value=""/>
          <column name="Use an existing validation rule" value="false"/>
          <column name="Validation Rule Type" value=""/>
        </parameters>
        <schemas>
          <schema name="azureDBOut">
            <column name="License_Issue_Date" key="false" type="java.util.Date" length="50" precision="" nullable="true" comment=""/>
            <column name="License_Number" key="false" type="String" length="7" precision="" nullable="true" comment=""/>
            <column name="Animal_s_Name" key="false" type="String" length="50" precision="" nullable="true" comment=""/>
            <column name="Species" key="false" type="String" length="4" precision="" nullable="true" comment=""/>
            <column name="Primary_Breed" key="false" type="String" length="46" precision="" nullable="true" comment=""/>
            <column name="Secondary_Breed" key="false" type="String" length="46" precision="" nullable="true" comment=""/>
            <column name="ZIP_Code" key="false" type="String" length="10" precision="" nullable="true" comment=""/>
            <column name="DI_CreatedDt" key="false" type="java.util.Date" length="20" precision="" nullable="true" comment=""/>
            <column name="DI_JobPID" key="false" type="String" length="23" precision="" nullable="true" comment=""/>
          </schema>
        </schemas>
      </component>
      <component icon="pictures/tFileInputDelimited_1.png" uniqueName="tFileInputDelimited_1" label="SeattlePetLicenses_tsv">
        <input>none</input>
        <output link="tMap_1">tMap_1</output>
        <output link="tLogRow_2">tLogRow_2</output>
        <componentType>tFileInputDelimited</componentType>
        <parameters>
          <column name="Unique Name" value="tFileInputDelimited_1"/>
          <column name="Component Name" value="tFileInputDelimited"/>
          <column name="Version" value="0.102 (ALPHA)"/>
          <column name="Family" value="File/Input"/>
          <column name="Start" value="true"/>
          <column name="Startable" value="true"/>
          <column name="SUBTREE_START" value="true"/>
          <column name="END_OF_FLOW" value="false"/>
          <column name="Activate" value="true"/>
          <column name="DUMMY" value="false"/>
          <column name="tStatCatcher Statistics" value="false"/>
          <column name="Help" value="org.talend.help.tFileInputDelimited"/>
          <column name="Update components" value="true"/>
          <column name="IREPORT_PATH" value=""/>
          <column name="JAVA_LIBRARY_PATH" value="D:\studio\configuration\lib\java"/>
          <column name="Subjob color" value=""/>
          <column name="Title color" value=""/>
          <column name="Enable parallel execution" value="false"/>
          <column name="Number of parallel executions" value="2"/>
          <column name="PARALLELIZE_KEEP_EMPTY" value="false"/>
          <column name="Property Type" value="repository: DELIM:SeattlePetLicenses_tsv"/>
          <column name="REPOSITORY_ALLOW_AUTO_SWITCH" value="true"/>
          <column name="Schema" value="Built-In"/>
          <column name="Use existing dynamic" value="false"/>
          <column name="Component List" value=""/>
          <column name="File name/Stream" value="context.SeattlePetLicenses_tsv_File"/>
          <column name="CSV options" value="false"/>
          <column name="Row Separator" value="context.SeattlePetLicenses_tsv_RowSeparator"/>
          <column name="CSV Row Separator" value="context.SeattlePetLicenses_tsv_RowSeparator"/>
          <column name="Field Separator" value="context.SeattlePetLicenses_tsv_FieldSeparator"/>
          <column name="Escape char" value="&quot;&quot;&quot;"/>
          <column name="Text enclosure" value="&quot;&quot;&quot;"/>
          <column name="Header" value="context.SeattlePetLicenses_tsv_Header"/>
          <column name="Footer" value="0"/>
          <column name="Limit" value=""/>
          <column name="Skip empty rows" value="false"/>
          <column name="Uncompress as zip file" value="false"/>
          <column name="Die on error" value="false"/>
          <column name="Schema" value="repository: DELIM:SeattlePetLicenses_tsv - metadata"/>
          <column name="Temporary directory" value="&quot;D:/New folder&quot;"/>
          <column name="Advanced separator (for numbers)" value="false"/>
          <column name="Thousands separator" value="&quot;,&quot;"/>
          <column name="Decimal separator" value="&quot;.&quot;"/>
          <column name="Extract lines at random" value="false"/>
          <column name="Number of lines" value="10"/>
          <column name="Trim all columns" value="false"/>
          <column name="Check column to trim" value="[{SCHEMA_COLUMN=License_Issue_Date, TRIM=false}, {SCHEMA_COLUMN=License_Number, TRIM=false}, {SCHEMA_COLUMN=Animal_s_Name, TRIM=false}, {SCHEMA_COLUMN=Species, TRIM=false}, {SCHEMA_COLUMN=Primary_Breed, TRIM=false}, {SCHEMA_COLUMN=Secondary_Breed, TRIM=false}, {SCHEMA_COLUMN=ZIP_Code, TRIM=false}]"/>
          <column name="Check each row structure against schema" value="false"/>
          <column name="Check date" value="false"/>
          <column name="Encoding" value="context.SeattlePetLicenses_tsv_Encoding"/>
          <column name="Split row before field" value="false"/>
          <column name="Permit hexadecimal (0xNNN) or octal (0NNNN) for numeric types (clear the check box to read Byte type as octal and hexadecimal numbers by default)" value="false"/>
          <column name="Decode table" value="[{SCHEMA_COLUMN=License_Issue_Date, DECODE=false}, {SCHEMA_COLUMN=License_Number, DECODE=false}, {SCHEMA_COLUMN=Animal_s_Name, DECODE=false}, {SCHEMA_COLUMN=Species, DECODE=false}, {SCHEMA_COLUMN=Primary_Breed, DECODE=false}, {SCHEMA_COLUMN=Secondary_Breed, DECODE=false}, {SCHEMA_COLUMN=ZIP_Code, DECODE=false}]"/>
          <column name="Destination" value=""/>
          <column name="Use Header As Is" value="false"/>
          <column name="Min column number of optimize code" value="100"/>
          <column name="Label format" value="SeattlePetLicenses_tsv"/>
          <column name="Hint format" value="&lt;b&gt;__UNIQUE_NAME__&lt;/b&gt;&lt;br&gt;__COMMENT__"/>
          <column name="Connection format" value="row"/>
          <column name="Show Information" value="false"/>
          <column name="Comment" value="TO read Tab data from tsv file"/>
          <column name="Use an existing validation rule" value="false"/>
          <column name="Validation Rule Type" value=""/>
        </parameters>
        <schemas>
          <schema name="metadata">
            <column name="License_Issue_Date" key="false" type="java.util.Date" length="40" precision="" nullable="true" comment=""/>
            <column name="License_Number" key="false" type="String" length="7" precision="" nullable="true" comment=""/>
            <column name="Animal_s_Name" key="false" type="String" length="50" precision="" nullable="true" comment=""/>
            <column name="Species" key="false" type="String" length="4" precision="" nullable="true" comment=""/>
            <column name="Primary_Breed" key="false" type="String" length="46" precision="" nullable="true" comment=""/>
            <column name="Secondary_Breed" key="false" type="String" length="46" precision="" nullable="true" comment=""/>
            <column name="ZIP_Code" key="false" type="String" length="10" precision="" nullable="true" comment=""/>
          </schema>
        </schemas>
      </component>
      <component icon="pictures/tLogRow_1.png" uniqueName="tLogRow_1" label="__UNIQUE_NAME__">
        <input link="tMap_1">tMap_1</input>
        <output>none</output>
        <componentType>tLogRow</componentType>
        <parameters>
          <column name="Unique Name" value="tLogRow_1"/>
          <column name="Component Name" value="tLogRow"/>
          <column name="Version" value="0.101 (ALPHA)"/>
          <column name="Family" value="Logs_Errors"/>
          <column name="Startable" value="false"/>
          <column name="SUBTREE_START" value="false"/>
          <column name="END_OF_FLOW" value="true"/>
          <column name="Activate" value="true"/>
          <column name="DUMMY" value="false"/>
          <column name="tStatCatcher Statistics" value="false"/>
          <column name="Help" value="org.talend.help.tLogRow"/>
          <column name="Update components" value="true"/>
          <column name="IREPORT_PATH" value=""/>
          <column name="JAVA_LIBRARY_PATH" value="D:\studio\configuration\lib\java"/>
          <column name="Subjob color" value=""/>
          <column name="Title color" value=""/>
          <column name="Enable parallel execution" value="false"/>
          <column name="Number of parallel executions" value="2"/>
          <column name="PARALLELIZE_KEEP_EMPTY" value="false"/>
          <column name="REPOSITORY_ALLOW_AUTO_SWITCH" value="true"/>
          <column name="Schema" value="Built-In"/>
          <column name="Basic" value="true"/>
          <column name="Table (print values in cells of a table)" value="false"/>
          <column name="Vertical (each row is a key/value list)" value="false"/>
          <column name="Print unique name" value="true"/>
          <column name="Print label" value="false"/>
          <column name="Print unique name and label" value="false"/>
          <column name="Field Separator" value="&quot;|&quot;"/>
          <column name="Print header" value="false"/>
          <column name="Print component unique name in front of each output row" value="false"/>
          <column name="Print schema column name in front of each value" value="false"/>
          <column name="Use fixed length for values" value="false"/>
          <column name="Lengths" value="[{SCHEMA_COLUMN=License_Issue_Date, LENGTH=10}, {SCHEMA_COLUMN=License_Number, LENGTH=10}, {SCHEMA_COLUMN=Animal_s_Name, LENGTH=10}, {SCHEMA_COLUMN=Species, LENGTH=10}, {SCHEMA_COLUMN=Primary_Breed, LENGTH=10}, {SCHEMA_COLUMN=Secondary_Breed, LENGTH=10}, {SCHEMA_COLUMN=ZIP_Code, LENGTH=10}]"/>
          <column name="Print content with log4j" value="true"/>
          <column name="Min column number of optimize code" value="100"/>
          <column name="Label format" value="__UNIQUE_NAME__"/>
          <column name="Hint format" value="&lt;b&gt;__UNIQUE_NAME__&lt;/b&gt;&lt;br&gt;__COMMENT__"/>
          <column name="Connection format" value="row"/>
          <column name="Show Information" value="false"/>
          <column name="Comment" value=""/>
          <column name="Use an existing validation rule" value="false"/>
          <column name="Validation Rule Type" value=""/>
        </parameters>
        <schemas>
          <schema name="tLogRow_1">
            <column name="License_Issue_Date" key="false" type="java.util.Date" length="40" precision="" nullable="true" comment=""/>
            <column name="License_Number" key="false" type="String" length="7" precision="" nullable="true" comment=""/>
            <column name="Animal_s_Name" key="false" type="String" length="50" precision="" nullable="true" comment=""/>
            <column name="Species" key="false" type="String" length="4" precision="" nullable="true" comment=""/>
            <column name="Primary_Breed" key="false" type="String" length="46" precision="" nullable="true" comment=""/>
            <column name="Secondary_Breed" key="false" type="String" length="46" precision="" nullable="true" comment=""/>
            <column name="ZIP_Code" key="false" type="String" length="10" precision="" nullable="true" comment=""/>
          </schema>
        </schemas>
      </component>
      <component icon="pictures/tLogRow_2.png" uniqueName="tLogRow_2" label="__UNIQUE_NAME__">
        <input link="tFileInputDelimited_1">tFileInputDelimited_1</input>
        <output>none</output>
        <componentType>tLogRow</componentType>
        <parameters>
          <column name="Unique Name" value="tLogRow_2"/>
          <column name="Component Name" value="tLogRow"/>
          <column name="Version" value="0.101 (ALPHA)"/>
          <column name="Family" value="Logs_Errors"/>
          <column name="Startable" value="false"/>
          <column name="SUBTREE_START" value="false"/>
          <column name="END_OF_FLOW" value="true"/>
          <column name="Activate" value="true"/>
          <column name="DUMMY" value="false"/>
          <column name="tStatCatcher Statistics" value="false"/>
          <column name="Help" value="org.talend.help.tLogRow"/>
          <column name="Update components" value="true"/>
          <column name="IREPORT_PATH" value=""/>
          <column name="JAVA_LIBRARY_PATH" value="D:\studio\configuration\lib\java"/>
          <column name="Subjob color" value=""/>
          <column name="Title color" value=""/>
          <column name="Enable parallel execution" value="false"/>
          <column name="Number of parallel executions" value="2"/>
          <column name="PARALLELIZE_KEEP_EMPTY" value="false"/>
          <column name="REPOSITORY_ALLOW_AUTO_SWITCH" value="true"/>
          <column name="Schema" value="Built-In"/>
          <column name="Basic" value="false"/>
          <column name="Table (print values in cells of a table)" value="true"/>
          <column name="Vertical (each row is a key/value list)" value="false"/>
          <column name="Print unique name" value="true"/>
          <column name="Print label" value="false"/>
          <column name="Print unique name and label" value="false"/>
          <column name="Field Separator" value="&quot;|&quot;"/>
          <column name="Print header" value="false"/>
          <column name="Print component unique name in front of each output row" value="false"/>
          <column name="Print schema column name in front of each value" value="false"/>
          <column name="Use fixed length for values" value="false"/>
          <column name="Lengths" value="[{SCHEMA_COLUMN=License_Issue_Date, LENGTH=10}, {SCHEMA_COLUMN=License_Number, LENGTH=10}, {SCHEMA_COLUMN=Animal_s_Name, LENGTH=10}, {SCHEMA_COLUMN=Species, LENGTH=10}, {SCHEMA_COLUMN=Primary_Breed, LENGTH=10}, {SCHEMA_COLUMN=Secondary_Breed, LENGTH=10}, {SCHEMA_COLUMN=ZIP_Code, LENGTH=10}, {SCHEMA_COLUMN=errorCode, LENGTH=10}, {SCHEMA_COLUMN=errorMessage, LENGTH=10}]"/>
          <column name="Print content with log4j" value="true"/>
          <column name="Min column number of optimize code" value="100"/>
          <column name="Label format" value="__UNIQUE_NAME__"/>
          <column name="Hint format" value="&lt;b&gt;__UNIQUE_NAME__&lt;/b&gt;&lt;br&gt;__COMMENT__"/>
          <column name="Connection format" value="row"/>
          <column name="Show Information" value="false"/>
          <column name="Comment" value=""/>
          <column name="Use an existing validation rule" value="false"/>
          <column name="Validation Rule Type" value=""/>
        </parameters>
        <schemas>
          <schema name="metadata">
            <column name="License_Issue_Date" key="false" type="java.util.Date" length="40" precision="" nullable="true" comment=""/>
            <column name="License_Number" key="false" type="String" length="7" precision="" nullable="true" comment=""/>
            <column name="Animal_s_Name" key="false" type="String" length="50" precision="" nullable="true" comment=""/>
            <column name="Species" key="false" type="String" length="4" precision="" nullable="true" comment=""/>
            <column name="Primary_Breed" key="false" type="String" length="46" precision="" nullable="true" comment=""/>
            <column name="Secondary_Breed" key="false" type="String" length="46" precision="" nullable="true" comment=""/>
            <column name="ZIP_Code" key="false" type="String" length="10" precision="" nullable="true" comment=""/>
            <column name="errorCode" key="false" type="String" length="255" precision="" nullable="true" comment=""/>
            <column name="errorMessage" key="false" type="String" length="255" precision="" nullable="true" comment=""/>
          </schema>
        </schemas>
      </component>
    </internalNodeComponents>
    <externalNodeComponents>
      <component icon="pictures/tMap_1.png" uniqueName="tMap_1" label="__UNIQUE_NAME__" preview="pictures/external_preview_tMap_1.png">
        <input link="tFileInputDelimited_1">tFileInputDelimited_1</input>
        <output link="tLogRow_1">tLogRow_1</output>
        <output link="tDBOutput_1">tDBOutput_1</output>
        <output link="tDBOutput_2">tDBOutput_2</output>
        <componentType>tMap</componentType>
        <!--tMap_1-->
      </component>
    </externalNodeComponents>
    <connections>
      <connection label="row1" lineStyle="0" metaname="tFileInputDelimited_1" offsetLabelX="0" offsetLabelY="0" source="tFileInputDelimited_1" target="tMap_1"/>
      <connection label="row2" lineStyle="0" metaname="REJECT" offsetLabelX="0" offsetLabelY="0" source="tFileInputDelimited_1" target="tLogRow_2"/>
      <connection label="logtoconsole" lineStyle="0" metaname="logtoconsole" offsetLabelX="0" offsetLabelY="0" source="tMap_1" target="tLogRow_1"/>
      <connection label="sqlDBOut" lineStyle="0" metaname="sqlDBOut" offsetLabelX="0" offsetLabelY="0" source="tMap_1" target="tDBOutput_1"/>
      <connection label="azureDBOut" lineStyle="0" metaname="azureDBOut" offsetLabelX="0" offsetLabelY="0" source="tMap_1" target="tDBOutput_2"/>
    </connections>
  </job>
</project>
